afterFindSurvey,surveyAdmin
afterGenerateToken,token
afterPluginLoad,plugin
afterQuickMenuLoad,admin
afterSurveyActivate,surveyAdmin
afterSurveyComplete,surveyStatus
afterSurveyDeactivate,surveyAdmin
afterSurveyQuestionAssessment,surveyAdmin
afterSurveyQuota,surveyAdmin
afterSurveySettingsSave,surveyAdmin
beforeActivate,surveyAdmin
beforeAdminMenuRender,render
beforeCloseHtml,admin
beforeControllerAction,admin
beforeDeactivate,surveyAdmin
beforeHasPermission,admin
beforeLoadResponse,surveyAdmin
beforePermissionSetSave,admin
beforeProcessFileUpload,admin
beforePluginManagerMenuRender,render
beforeQuestionRender,render
beforeRegister,authentification
beforeRegisterForm,authentification
beforeSideMenuRender,render
beforeSurveyAdminView,surveyAdmin
beforeSurveyActivate,surveyAdmin
beforeSurveyBarRender,render
beforeSurveyDeactivate,surveyAdmin
beforeSurveyPage,surveyStatus
beforeSurveySettings,surveyAdmin
beforeTwigRenderTemplate,render
beforeToolsMenuRender,render
beforeUrlCheck,admin
beforeWelcomePageRender,render
createNewUser,authentification
createRandomPassword,authentification
checkPasswordRequirement,authentification
ExpressionManagerStart,admin
getGlobalBasePermissions,admin
getPluginTwigPath,plugin
getValidScreenFiles,admin
listExportOptions,admin
listExportPlugins,plugin
listQuestionPlugins,plugin
newDirectRequest,admin
newExport,admin
newQuestionAttributes,surveyAdmin
newSurveySettings,surveyAdmin
NewUnsecureRequest,admin
onSurveyDenied,surveyStatus
setVariableExpressionEnd,admin
saveSurveyForm,surveyAdmin
afterReceiveOAuthResponse,email
afterSelectEmailPlugin,email
beforeEmail,email
beforeSurveyEmail,email
beforeTokenEmail,email
beforeEmailDispatch,email
beforePrepareRedirectToAuthPage,email
beforeRedirectToAuthPage,email
listEmailPlugins,email
MailerConstruct,email
beforeSurveyDelete,surveyAdmin
beforeSurveySave,surveyAdmin
afterSurveyDelete,surveyAdmin
afterSurveySave,surveyAdmin
beforeTokenDelete,token
beforeTokenSave,token
afterTokenDelete,token
afterTokenSave,token
beforeResponseDelete,response
beforeResponseSave,response
afterResponseDelete,response
afterResponseSave,response
beforeTokenDynamicDelete,token
beforeTokenDynamicSave,token
afterTokenDynamicDelete,token
afterTokenDynamicSave,token
beforeSurveyDynamicDelete,dynamicsurvey
beforeSurveyDynamicSave,dynamicsurvey
afterSurveyDynamicDelete,dynamicsurvey
afterSurveyDynamicSave,dynamicsurvey
beforeModelDelete,dynamicmodel
beforeModelSave,dynamicmodel
afterModelDelete,dynamicmodel
afterModelSave,dynamicmodel
beforeModelDeleteMany,dynamicmodel